start_time,end_time,duration,min_qdel,max_qdel,communicated_flow_count,round_max_cruise_rate,latest_cruise_rate,cruise_happened,probe_happened,round_ended,cwnd
167300,628000,460700,20100,50084,2.01,5016.61,5016.61,true,false,false,150.50
628000,892600,264600,20100,20100,2.01,5016.61,5018.08,false,true,false,150.50
892600,1496700,604100,13200,96600,1.32,5016.61,5000.00,true,false,false,116.00
1496700,1846300,349600,13200,13200,1.32,5016.61,5000.00,true,false,false,116.00
1846300,2195900,349600,13200,13200,1.32,5016.61,5000.00,true,false,false,116.00
2195900,2545500,349600,13200,13200,1.32,5016.61,5000.00,true,false,false,116.00
2545500,2895100,349600,13200,13200,1.32,5016.61,5000.00,true,false,false,116.00
2895100,3244700,349600,13200,13200,1.32,5016.61,5000.00,true,false,false,116.00
3244700,3594300,349600,13200,13200,1.32,5016.61,5000.00,true,false,false,116.00
3594300,3943900,349600,13200,13200,1.32,5016.61,5000.00,true,false,true,116.00
3943900,4293500,349600,13200,13200,1.32,5000.00,5000.00,true,false,false,116.00
4293500,4478700,185200,13200,13200,1.32,5000.00,5000.00,false,true,false,116.00
4478700,4986700,508000,12900,66000,1.29,5000.00,4366.81,true,false,false,100.00
4986700,5345300,358600,12900,12900,1.29,5000.00,4366.81,true,false,false,100.00
5345300,5694000,348700,12900,12900,1.29,5000.00,4366.81,true,false,false,100.00
5694000,6055200,361200,12900,12900,1.29,5000.00,4366.81,true,false,false,100.00
6055200,6403900,348700,12900,12900,1.29,5000.00,4366.81,true,false,false,100.00
6403900,6765100,361200,12900,12900,1.29,5000.00,4366.81,true,false,false,100.00
6765100,7113800,348700,12900,12900,1.29,5000.00,4366.81,true,false,false,100.00
7113800,7475000,361200,12900,12900,1.29,5000.00,4366.81,true,false,true,100.00
7475000,7925300,450300,12900,42000,1.29,4366.81,4366.81,true,false,false,100.00
7925300,8057600,132300,15700,15700,1.29,4366.81,6749.48,false,true,false,100.00
8057600,8482500,424900,15700,38300,1.29,4529.62,4529.62,true,false,false,130.00
8482500,8848600,366100,18700,18700,1.29,4529.62,4529.62,true,false,false,130.00
8848600,9221400,372800,18700,18700,1.29,4529.62,4529.62,true,false,false,130.00
9221400,9594500,373100,18700,18700,1.29,4529.62,4529.62,true,false,false,130.00
9594500,9967600,373100,18700,18700,1.29,4529.62,4529.62,true,false,false,130.00
9967600,10340700,373100,18700,18700,1.29,4529.62,4529.62,true,false,false,130.00
10340700,10713800,373100,18700,18700,1.29,4529.62,4529.62,true,false,false,130.00
10713800,11086900,373100,18700,18700,1.29,4529.62,4529.62,true,false,true,130.00
11086900,11576000,489100,18500,59700,1.85,4561.40,4561.40,true,false,false,130.00
11576000,11739100,163100,18500,18500,1.85,4561.40,7512.04,false,true,false,130.00
11739100,12206200,467100,18500,52300,1.85,4850.50,4850.50,true,false,false,146.00
12206200,12576500,370300,20100,20100,1.85,4850.50,4850.50,true,false,false,146.00
12576500,12958700,382200,20100,20100,1.85,4850.50,4850.50,true,false,false,146.00
12958700,13329000,370300,20100,20100,1.85,4850.50,4850.50,true,false,false,146.00
13329000,13711200,382200,20100,20100,1.85,4850.50,4850.50,true,false,false,146.00
13711200,14081500,370300,20100,20100,1.85,4850.50,4850.50,true,false,false,146.00
14081500,14463700,382200,20100,20100,1.85,4850.50,4850.50,true,false,false,146.00
14463700,14834000,370300,20100,20100,1.85,4850.50,4850.50,true,false,true,146.00
14834000,15330300,496300,19800,61600,1.98,4899.33,4899.33,true,false,false,146.00
15330300,15507500,177200,19800,19800,1.98,4899.33,7787.48,false,true,false,146.00
15507500,15993600,486100,19800,58700,1.98,4950.17,4950.17,true,false,false,149.00
15993600,16370100,376500,20100,20100,1.98,4950.17,4950.17,true,false,false,149.00
16370100,16740400,370300,20100,20100,1.98,4950.17,4950.17,true,false,false,149.00
16740400,17122600,382200,20100,20100,1.98,4950.17,4950.17,true,false,false,149.00
17122600,17492900,370300,20100,20100,1.98,4950.17,4950.17,true,false,false,149.00
17492900,17875100,382200,20100,20100,1.98,4950.17,4950.17,true,false,false,149.00
17875100,18245400,370300,20100,20100,1.98,4950.17,4950.17,true,false,false,149.00
18245400,18627600,382200,20100,20100,1.98,4950.17,4950.17,true,false,true,149.00
18627600,19133500,505900,20000,60800,2.00,4966.67,4966.67,true,false,false,149.00
19133500,19313100,179600,20000,20000,2.00,4966.67,7836.68,false,true,false,149.00
19313100,19814700,501600,20000,59800,2.00,4983.39,4983.39,true,false,false,150.00
19814700,20185000,370300,20100,20100,2.00,4983.39,4983.39,true,false,false,150.00
20185000,20567200,382200,20100,20100,2.00,4983.39,4983.39,true,false,false,150.00
20567200,20937500,370300,20100,20100,2.00,4983.39,4983.39,true,false,false,150.00
20937500,21319700,382200,20100,20100,2.00,4983.39,4983.39,true,false,false,150.00
21319700,21690000,370300,20100,20100,2.00,4983.39,4983.39,true,false,false,150.00
21690000,22072200,382200,20100,20100,2.00,4983.39,4983.39,true,false,false,150.00
22072200,22578500,506300,20100,60500,2.00,4983.39,4385.96,true,false,true,150.00
22578500,22948800,370300,20100,20100,2.01,4983.39,4983.39,true,false,false,150.00
22948800,23129300,180500,20100,20100,2.01,4983.39,7849.00,false,true,false,150.00
23129300,23626100,496800,20100,60200,2.01,4983.39,4983.39,true,false,false,150.00
23626100,23996400,370300,20100,20100,2.01,4983.39,4983.39,true,false,false,150.00
23996400,24378600,382200,20100,20100,2.01,4983.39,4983.39,true,false,false,150.00
24378600,24748900,370300,20100,20100,2.01,4983.39,4983.39,true,false,false,150.00
24748900,25131100,382200,20100,20100,2.01,4983.39,4983.39,true,false,false,150.00
25131100,25501400,370300,20100,20100,2.01,4983.39,4983.39,true,false,false,150.00
25501400,25883600,382200,20100,20100,2.01,4983.39,4983.39,true,false,false,150.00
25883600,26385800,502200,20100,60500,2.01,4983.39,4983.39,true,false,true,150.00
26385800,26756100,370300,20100,20100,2.01,4983.39,4983.39,true,false,false,150.00
26756100,26936600,180500,20100,20100,2.01,4983.39,7849.00,false,true,false,150.00
26936600,27433400,496800,20100,60200,2.01,4983.39,4983.39,true,false,false,150.00
27433400,27803700,370300,20100,20100,2.01,4983.39,4983.39,true,false,false,150.00
27803700,28185900,382200,20100,20100,2.01,4983.39,4983.39,true,false,false,150.00
28185900,28556200,370300,20100,20100,2.01,4983.39,4983.39,true,false,false,150.00
28556200,28938400,382200,20100,20100,2.01,4983.39,4983.39,true,false,false,150.00
28938400,29308700,370300,20100,20100,2.01,4983.39,4983.39,true,false,false,150.00
29308700,29690900,382200,20100,20100,2.01,4983.39,4983.39,true,false,false,150.00
29690900,30197200,506300,20100,60500,2.01,4983.39,4983.39,true,false,true,150.00
30197200,30567500,370300,20100,20100,2.01,4983.39,4983.39,true,false,false,150.00
30567500,30748000,180500,20100,20100,2.01,4983.39,7849.00,false,true,false,150.00
30748000,31244800,496800,20100,60200,2.01,4983.39,4983.39,true,false,false,150.00
31244800,31615100,370300,20100,20100,2.01,4983.39,4983.39,true,false,false,150.00
31615100,31997300,382200,20100,20100,2.01,4983.39,4983.39,true,false,false,150.00
31997300,32367600,370300,20100,20100,2.01,4983.39,4983.39,true,false,false,150.00
32367600,32749800,382200,20100,20100,2.01,4983.39,4983.39,true,false,false,150.00
32749800,33120100,370300,20100,20100,2.01,4983.39,4983.39,true,false,false,150.00
33120100,33502300,382200,20100,20100,2.01,4983.39,4983.39,true,false,false,150.00
33502300,34008600,506300,20100,60500,2.01,4983.39,4983.39,true,false,true,150.00
34008600,34378900,370300,20100,20100,2.01,4983.39,4983.39,true,false,false,150.00
34378900,34559400,180500,20100,20100,2.01,4983.39,7849.00,false,true,false,150.00
34559400,35056200,496800,20100,60200,2.01,4983.39,4983.39,true,false,false,150.00
35056200,35426500,370300,20100,20100,2.01,4983.39,4983.39,true,false,false,150.00
35426500,35808700,382200,20100,20100,2.01,4983.39,4983.39,true,false,false,150.00
35808700,36179000,370300,20100,20100,2.01,4983.39,4983.39,true,false,false,150.00
36179000,36561200,382200,20100,20100,2.01,4983.39,4983.39,true,false,false,150.00
36561200,36931500,370300,20100,20100,2.01,4983.39,4983.39,true,false,false,150.00
36931500,37313700,382200,20100,20100,2.01,4983.39,4983.39,true,false,false,150.00
37313700,37820000,506300,20100,60500,2.01,4983.39,4983.39,true,false,true,150.00
37820000,38190300,370300,20100,20100,2.01,4983.39,4983.39,true,false,false,150.00
38190300,38370800,180500,20100,20100,2.01,4983.39,7849.00,false,true,false,150.00
38370800,38867600,496800,20100,60200,2.01,4983.39,4983.39,true,false,false,150.00
38867600,39237900,370300,20100,20100,2.01,4983.39,4983.39,true,false,false,150.00
39237900,39620100,382200,20100,20100,2.01,4983.39,4983.39,true,false,false,150.00
39620100,39990400,370300,20100,20100,2.01,4983.39,4983.39,true,false,false,150.00
39990400,40372600,382200,20100,20100,2.01,4983.39,4983.39,true,false,false,150.00
40372600,40742900,370300,20100,20100,2.01,4983.39,4983.39,true,false,false,150.00
40742900,41125100,382200,20100,20100,2.01,4983.39,4983.39,true,false,false,150.00
41125100,41631400,506300,20100,60500,2.01,4983.39,4983.39,true,false,true,150.00
41631400,42001700,370300,20100,20100,2.01,4983.39,4983.39,true,false,false,150.00
42001700,42182200,180500,20100,20100,2.01,4983.39,7849.00,false,true,false,150.00
42182200,42679000,496800,20100,60200,2.01,4983.39,4983.39,true,false,false,150.00
42679000,43049300,370300,20100,20100,2.01,4983.39,4983.39,true,false,false,150.00
43049300,43431500,382200,20100,20100,2.01,4983.39,4983.39,true,false,false,150.00
43431500,43801800,370300,20100,20100,2.01,4983.39,4983.39,true,false,false,150.00
43801800,44184000,382200,20100,20100,2.01,4983.39,4983.39,true,false,false,150.00
44184000,44554300,370300,20100,20100,2.01,4983.39,4983.39,true,false,false,150.00
44554300,44936500,382200,20100,20100,2.01,4983.39,4983.39,true,false,false,150.00
44936500,45442800,506300,20100,60500,2.01,4983.39,4983.39,true,false,true,150.00
45442800,45813100,370300,20100,20100,2.01,4983.39,4983.39,true,false,false,150.00
45813100,45993600,180500,20100,20100,2.01,4983.39,7849.00,false,true,false,150.00
45993600,46490400,496800,20100,60200,2.01,4983.39,4983.39,true,false,false,150.00
46490400,46860700,370300,20100,20100,2.01,4983.39,4983.39,true,false,false,150.00
46860700,47242900,382200,20100,20100,2.01,4983.39,4983.39,true,false,false,150.00
47242900,47613200,370300,20100,20100,2.01,4983.39,4983.39,true,false,false,150.00
47613200,47995400,382200,20100,20100,2.01,4983.39,4983.39,true,false,false,150.00
47995400,48365700,370300,20100,20100,2.01,4983.39,4983.39,true,false,false,150.00
48365700,48747900,382200,20100,20100,2.01,4983.39,4983.39,true,false,false,150.00
48747900,49254200,506300,20100,60500,2.01,4983.39,4983.39,true,false,true,150.00
49254200,49624500,370300,20100,20100,2.01,4983.39,4983.39,true,false,false,150.00
49624500,49805000,180500,20100,20100,2.01,4983.39,7849.00,false,true,false,150.00
49805000,50301800,496800,20100,60200,2.01,4983.39,4983.39,true,false,false,150.00
50301800,50672100,370300,20100,20100,2.01,4983.39,4983.39,true,false,false,150.00
50672100,51054300,382200,20100,20100,2.01,4983.39,4983.39,true,false,false,150.00
51054300,51424600,370300,20100,20100,2.01,4983.39,4983.39,true,false,false,150.00
51424600,51806800,382200,20100,20100,2.01,4983.39,4983.39,true,false,false,150.00
51806800,52177100,370300,20100,20100,2.01,4983.39,4983.39,true,false,false,150.00
52177100,52559300,382200,20100,20100,2.01,4983.39,4983.39,true,false,false,150.00
52559300,53065600,506300,20100,60500,2.01,4983.39,4983.39,true,false,true,150.00
53065600,53435900,370300,20100,20100,2.01,4983.39,4983.39,true,false,false,150.00
53435900,53616400,180500,20100,20100,2.01,4983.39,7849.00,false,true,false,150.00
53616400,54113200,496800,20100,60200,2.01,4983.39,4983.39,true,false,false,150.00
54113200,54483500,370300,20100,20100,2.01,4983.39,4983.39,true,false,false,150.00
54483500,54865700,382200,20100,20100,2.01,4983.39,4983.39,true,false,false,150.00
54865700,55236000,370300,20100,20100,2.01,4983.39,4983.39,true,false,false,150.00
55236000,55618200,382200,20100,20100,2.01,4983.39,4983.39,true,false,false,150.00
55618200,55988500,370300,20100,20100,2.01,4983.39,4983.39,true,false,false,150.00
55988500,56370700,382200,20100,20100,2.01,4983.39,4983.39,true,false,false,150.00
56370700,56877000,506300,20100,60500,2.01,4983.39,4983.39,true,false,true,150.00
56877000,57247300,370300,20100,20100,2.01,4983.39,4983.39,true,false,false,150.00
57247300,57427800,180500,20100,20100,2.01,4983.39,7849.00,false,true,false,150.00
57427800,57924600,496800,20100,60200,2.01,4983.39,4983.39,true,false,false,150.00
57924600,58294900,370300,20100,20100,2.01,4983.39,4983.39,true,false,false,150.00
58294900,58677100,382200,20100,20100,2.01,4983.39,4983.39,true,false,false,150.00
58677100,59047400,370300,20100,20100,2.01,4983.39,4983.39,true,false,false,150.00
59047400,59429600,382200,20100,20100,2.01,4983.39,4983.39,true,false,false,150.00
59429600,59799900,370300,20100,20100,2.01,4983.39,4983.39,true,false,false,150.00
59799900,60182100,382200,20100,20100,2.01,4983.39,4983.39,true,false,false,150.00
60182100,60688400,506300,20100,60500,2.01,4983.39,4983.39,true,false,true,150.00
60688400,61058700,370300,20100,20100,2.01,4983.39,4983.39,true,false,false,150.00
61058700,61239200,180500,20100,20100,2.01,4983.39,7849.00,false,true,false,150.00
61239200,61736000,496800,20100,60200,2.01,4983.39,4983.39,true,false,false,150.00
61736000,62106300,370300,20100,20100,2.01,4983.39,4983.39,true,false,false,150.00
62106300,62488500,382200,20100,20100,2.01,4983.39,4983.39,true,false,false,150.00
62488500,62858800,370300,20100,20100,2.01,4983.39,4983.39,true,false,false,150.00
62858800,63241000,382200,20100,20100,2.01,4983.39,4983.39,true,false,false,150.00
63241000,63611300,370300,20100,20100,2.01,4983.39,4983.39,true,false,false,150.00
63611300,63993500,382200,20100,20100,2.01,4983.39,4983.39,true,false,false,150.00
63993500,64499800,506300,20100,60500,2.01,4983.39,4983.39,true,false,true,150.00
64499800,64870100,370300,20100,20100,2.01,4983.39,4983.39,true,false,false,150.00
64870100,65050600,180500,20100,20100,2.01,4983.39,7849.00,false,true,false,150.00
65050600,65547400,496800,20100,60200,2.01,4983.39,4983.39,true,false,false,150.00
65547400,65917700,370300,20100,20100,2.01,4983.39,4983.39,true,false,false,150.00
65917700,66299900,382200,20100,20100,2.01,4983.39,4983.39,true,false,false,150.00
66299900,66670200,370300,20100,20100,2.01,4983.39,4983.39,true,false,false,150.00
66670200,67052400,382200,20100,20100,2.01,4983.39,4983.39,true,false,false,150.00
67052400,67422700,370300,20100,20100,2.01,4983.39,4983.39,true,false,false,150.00
67422700,67804900,382200,20100,20100,2.01,4983.39,4983.39,true,false,false,150.00
67804900,68311200,506300,20100,60500,2.01,4983.39,4983.39,true,false,true,150.00
68311200,68681500,370300,20100,20100,2.01,4983.39,4983.39,true,false,false,150.00
68681500,68862000,180500,20100,20100,2.01,4983.39,7849.00,false,true,false,150.00
68862000,69358800,496800,20100,60200,2.01,4983.39,4983.39,true,false,false,150.00
69358800,69729100,370300,20100,20100,2.01,4983.39,4983.39,true,false,false,150.00
69729100,70111300,382200,20100,20100,2.01,4983.39,4983.39,true,false,false,150.00
70111300,70481600,370300,20100,20100,2.01,4983.39,4983.39,true,false,false,150.00
70481600,70863800,382200,20100,20100,2.01,4983.39,4983.39,true,false,false,150.00
70863800,71234100,370300,20100,20100,2.01,4983.39,4983.39,true,false,false,150.00
71234100,71616300,382200,20100,20100,2.01,4983.39,4983.39,true,false,false,150.00
71616300,72122600,506300,20100,60500,2.01,4983.39,4983.39,true,false,true,150.00
72122600,72492900,370300,20100,20100,2.01,4983.39,4983.39,true,false,false,150.00
72492900,72673400,180500,20100,20100,2.01,4983.39,7849.00,false,true,false,150.00
72673400,73170200,496800,20100,60200,2.01,4983.39,4983.39,true,false,false,150.00
73170200,73540500,370300,20100,20100,2.01,4983.39,4983.39,true,false,false,150.00
73540500,73922700,382200,20100,20100,2.01,4983.39,4983.39,true,false,false,150.00
73922700,74293000,370300,20100,20100,2.01,4983.39,4983.39,true,false,false,150.00
74293000,74675200,382200,20100,20100,2.01,4983.39,4983.39,true,false,false,150.00
74675200,75045500,370300,20100,20100,2.01,4983.39,4983.39,true,false,false,150.00
75045500,75427700,382200,20100,20100,2.01,4983.39,4983.39,true,false,false,150.00
75427700,75934000,506300,20100,60500,2.01,4983.39,4983.39,true,false,true,150.00
75934000,76304300,370300,20100,20100,2.01,4983.39,4983.39,true,false,false,150.00
76304300,76484800,180500,20100,20100,2.01,4983.39,7849.00,false,true,false,150.00
76484800,76981600,496800,20100,60200,2.01,4983.39,4983.39,true,false,false,150.00
76981600,77351900,370300,20100,20100,2.01,4983.39,4983.39,true,false,false,150.00
77351900,77734100,382200,20100,20100,2.01,4983.39,4983.39,true,false,false,150.00
77734100,78104400,370300,20100,20100,2.01,4983.39,4983.39,true,false,false,150.00
78104400,78486600,382200,20100,20100,2.01,4983.39,4983.39,true,false,false,150.00
78486600,78856900,370300,20100,20100,2.01,4983.39,4983.39,true,false,false,150.00
78856900,79239100,382200,20100,20100,2.01,4983.39,4983.39,true,false,false,150.00
79239100,79745400,506300,20100,60500,2.01,4983.39,4983.39,true,false,true,150.00
79745400,80115700,370300,20100,20100,2.01,4983.39,4983.39,true,false,false,150.00
80115700,80296200,180500,20100,20100,2.01,4983.39,7849.00,false,true,false,150.00
80296200,80793000,496800,20100,60200,2.01,4983.39,4983.39,true,false,false,150.00
80793000,81163300,370300,20100,20100,2.01,4983.39,4983.39,true,false,false,150.00
81163300,81545500,382200,20100,20100,2.01,4983.39,4983.39,true,false,false,150.00
81545500,81915800,370300,20100,20100,2.01,4983.39,4983.39,true,false,false,150.00
81915800,82298000,382200,20100,20100,2.01,4983.39,4983.39,true,false,false,150.00
82298000,82668300,370300,20100,20100,2.01,4983.39,4983.39,true,false,false,150.00
82668300,83050500,382200,20100,20100,2.01,4983.39,4983.39,true,false,false,150.00
83050500,83556800,506300,20100,60500,2.01,4983.39,4983.39,true,false,true,150.00
83556800,83927100,370300,20100,20100,2.01,4983.39,4983.39,true,false,false,150.00
83927100,84107600,180500,20100,20100,2.01,4983.39,7849.00,false,true,false,150.00
84107600,84604400,496800,20100,60200,2.01,4983.39,4983.39,true,false,false,150.00
84604400,84974700,370300,20100,20100,2.01,4983.39,4983.39,true,false,false,150.00
84974700,85356900,382200,20100,20100,2.01,4983.39,4983.39,true,false,false,150.00
85356900,85727200,370300,20100,20100,2.01,4983.39,4983.39,true,false,false,150.00
85727200,86109400,382200,20100,20100,2.01,4983.39,4983.39,true,false,false,150.00
86109400,86479700,370300,20100,20100,2.01,4983.39,4983.39,true,false,false,150.00
86479700,86861900,382200,20100,20100,2.01,4983.39,4983.39,true,false,false,150.00
86861900,87368200,506300,20100,60500,2.01,4983.39,4983.39,true,false,true,150.00
87368200,87738500,370300,20100,20100,2.01,4983.39,4983.39,true,false,false,150.00
87738500,87919000,180500,20100,20100,2.01,4983.39,7849.00,false,true,false,150.00
87919000,88415800,496800,20100,60200,2.01,4983.39,4983.39,true,false,false,150.00
88415800,88786100,370300,20100,20100,2.01,4983.39,4983.39,true,false,false,150.00
88786100,89168300,382200,20100,20100,2.01,4983.39,4983.39,true,false,false,150.00
89168300,89538600,370300,20100,20100,2.01,4983.39,4983.39,true,false,false,150.00
89538600,89920800,382200,20100,20100,2.01,4983.39,4983.39,true,false,false,150.00
89920800,90291100,370300,20100,20100,2.01,4983.39,4983.39,true,false,false,150.00
90291100,90673300,382200,20100,20100,2.01,4983.39,4983.39,true,false,false,150.00
90673300,91179600,506300,20100,60500,2.01,4983.39,4983.39,true,false,true,150.00
91179600,91549900,370300,20100,20100,2.01,4983.39,4983.39,true,false,false,150.00
91549900,91730400,180500,20100,20100,2.01,4983.39,7849.00,false,true,false,150.00
91730400,92227200,496800,20100,60200,2.01,4983.39,4983.39,true,false,false,150.00
92227200,92597500,370300,20100,20100,2.01,4983.39,4983.39,true,false,false,150.00
92597500,92979700,382200,20100,20100,2.01,4983.39,4983.39,true,false,false,150.00
92979700,93350000,370300,20100,20100,2.01,4983.39,4983.39,true,false,false,150.00
93350000,93732200,382200,20100,20100,2.01,4983.39,4983.39,true,false,false,150.00
93732200,94102500,370300,20100,20100,2.01,4983.39,4983.39,true,false,false,150.00
94102500,94484700,382200,20100,20100,2.01,4983.39,4983.39,true,false,false,150.00
94484700,94991000,506300,20100,60500,2.01,4983.39,4983.39,true,false,true,150.00
94991000,95361300,370300,20100,20100,2.01,4983.39,4983.39,true,false,false,150.00
95361300,95541800,180500,20100,20100,2.01,4983.39,7849.00,false,true,false,150.00
95541800,96038600,496800,20100,60200,2.01,4983.39,4983.39,true,false,false,150.00
96038600,96408900,370300,20100,20100,2.01,4983.39,4983.39,true,false,false,150.00
96408900,96791100,382200,20100,20100,2.01,4983.39,4983.39,true,false,false,150.00
96791100,97161400,370300,20100,20100,2.01,4983.39,4983.39,true,false,false,150.00
97161400,97543600,382200,20100,20100,2.01,4983.39,4983.39,true,false,false,150.00
97543600,97913900,370300,20100,20100,2.01,4983.39,4983.39,true,false,false,150.00
97913900,98296100,382200,20100,20100,2.01,4983.39,4983.39,true,false,false,150.00
98296100,98802400,506300,20100,60500,2.01,4983.39,4983.39,true,false,true,150.00
98802400,99172700,370300,20100,20100,2.01,4983.39,4983.39,true,false,false,150.00
99172700,99353200,180500,20100,20100,2.01,4983.39,7849.00,false,true,false,150.00
99353200,99850000,496800,20100,60200,2.01,4983.39,4983.39,true,false,false,150.00
99850000,100220300,370300,20100,20100,2.01,4983.39,4983.39,true,false,false,150.00
100220300,100602500,382200,20100,20100,2.01,4983.39,4983.39,true,false,false,150.00
100602500,100972800,370300,20100,20100,2.01,4983.39,4983.39,true,false,false,150.00
100972800,101355000,382200,20100,20100,2.01,4983.39,4983.39,true,false,false,150.00
101355000,101725300,370300,20100,20100,2.01,4983.39,4983.39,true,false,false,150.00
101725300,102107500,382200,20100,20100,2.01,4983.39,4983.39,true,false,false,150.00
102107500,102613800,506300,20100,60500,2.01,4983.39,4983.39,true,false,true,150.00
102613800,102984100,370300,20100,20100,2.01,4983.39,4983.39,true,false,false,150.00
102984100,103164600,180500,20100,20100,2.01,4983.39,7849.00,false,true,false,150.00
103164600,103661400,496800,20100,60200,2.01,4983.39,4983.39,true,false,false,150.00
103661400,104031700,370300,20100,20100,2.01,4983.39,4983.39,true,false,false,150.00
104031700,104413900,382200,20100,20100,2.01,4983.39,4983.39,true,false,false,150.00
104413900,104784200,370300,20100,20100,2.01,4983.39,4983.39,true,false,false,150.00
104784200,105166400,382200,20100,20100,2.01,4983.39,4983.39,true,false,false,150.00
105166400,105536700,370300,20100,20100,2.01,4983.39,4983.39,true,false,false,150.00
105536700,105918900,382200,20100,20100,2.01,4983.39,4983.39,true,false,false,150.00
105918900,106425200,506300,20100,60500,2.01,4983.39,4983.39,true,false,true,150.00
106425200,106795500,370300,20100,20100,2.01,4983.39,4983.39,true,false,false,150.00
106795500,106976000,180500,20100,20100,2.01,4983.39,7849.00,false,true,false,150.00
106976000,107472800,496800,20100,60200,2.01,4983.39,4983.39,true,false,false,150.00
107472800,107843100,370300,20100,20100,2.01,4983.39,4983.39,true,false,false,150.00
107843100,108225300,382200,20100,20100,2.01,4983.39,4983.39,true,false,false,150.00
108225300,108595600,370300,20100,20100,2.01,4983.39,4983.39,true,false,false,150.00
108595600,108977800,382200,20100,20100,2.01,4983.39,4983.39,true,false,false,150.00
108977800,109348100,370300,20100,20100,2.01,4983.39,4983.39,true,false,false,150.00
109348100,109730300,382200,20100,20100,2.01,4983.39,4983.39,true,false,false,150.00
109730300,110236600,506300,20100,60500,2.01,4983.39,4983.39,true,false,true,150.00
110236600,110606900,370300,20100,20100,2.01,4983.39,4983.39,true,false,false,150.00
110606900,110787400,180500,20100,20100,2.01,4983.39,7849.00,false,true,false,150.00
110787400,111284200,496800,20100,60200,2.01,4983.39,4983.39,true,false,false,150.00
111284200,111654500,370300,20100,20100,2.01,4983.39,4983.39,true,false,false,150.00
111654500,112036700,382200,20100,20100,2.01,4983.39,4983.39,true,false,false,150.00
112036700,112407000,370300,20100,20100,2.01,4983.39,4983.39,true,false,false,150.00
112407000,112789200,382200,20100,20100,2.01,4983.39,4983.39,true,false,false,150.00
112789200,113159500,370300,20100,20100,2.01,4983.39,4983.39,true,false,false,150.00
113159500,113541700,382200,20100,20100,2.01,4983.39,4983.39,true,false,false,150.00
113541700,114048000,506300,20100,60500,2.01,4983.39,4983.39,true,false,true,150.00
114048000,114418300,370300,20100,20100,2.01,4983.39,4983.39,true,false,false,150.00
114418300,114598800,180500,20100,20100,2.01,4983.39,7849.00,false,true,false,150.00
114598800,115095600,496800,20100,60200,2.01,4983.39,4983.39,true,false,false,150.00
115095600,115465900,370300,20100,20100,2.01,4983.39,4983.39,true,false,false,150.00
115465900,115848100,382200,20100,20100,2.01,4983.39,4983.39,true,false,false,150.00
115848100,116218400,370300,20100,20100,2.01,4983.39,4983.39,true,false,false,150.00
116218400,116600600,382200,20100,20100,2.01,4983.39,4983.39,true,false,false,150.00
116600600,116970900,370300,20100,20100,2.01,4983.39,4983.39,true,false,false,150.00
116970900,117353100,382200,20100,20100,2.01,4983.39,4983.39,true,false,false,150.00
117353100,117859400,506300,20100,60500,2.01,4983.39,4983.39,true,false,true,150.00
117859400,118229700,370300,20100,20100,2.01,4983.39,4983.39,true,false,false,150.00
118229700,118410200,180500,20100,20100,2.01,4983.39,7849.00,false,true,false,150.00
118410200,118907000,496800,20100,60200,2.01,4983.39,4983.39,true,false,false,150.00
118907000,119277300,370300,20100,20100,2.01,4983.39,4983.39,true,false,false,150.00
119277300,119659500,382200,20100,20100,2.01,4983.39,4983.39,true,false,false,150.00
119659500,120029800,370300,20100,20100,2.01,4983.39,4983.39,true,false,false,150.00
120029800,120412000,382200,20100,20100,2.01,4983.39,4983.39,true,false,false,150.00
120412000,120782300,370300,20100,20100,2.01,4983.39,4983.39,true,false,false,150.00
120782300,121164500,382200,20100,20100,2.01,4983.39,4983.39,true,false,false,150.00
121164500,121670800,506300,20100,60500,2.01,4983.39,4983.39,true,false,true,150.00
121670800,122041100,370300,20100,20100,2.01,4983.39,4983.39,true,false,false,150.00
122041100,122221600,180500,20100,20100,2.01,4983.39,7849.00,false,true,false,150.00
122221600,122718400,496800,20100,60200,2.01,4983.39,4983.39,true,false,false,150.00
122718400,123088700,370300,20100,20100,2.01,4983.39,4983.39,true,false,false,150.00
123088700,123470900,382200,20100,20100,2.01,4983.39,4983.39,true,false,false,150.00
123470900,123841200,370300,20100,20100,2.01,4983.39,4983.39,true,false,false,150.00
123841200,124223400,382200,20100,20100,2.01,4983.39,4983.39,true,false,false,150.00
124223400,124593700,370300,20100,20100,2.01,4983.39,4983.39,true,false,false,150.00
124593700,124975900,382200,20100,20100,2.01,4983.39,4983.39,true,false,false,150.00
124975900,125482200,506300,20100,60500,2.01,4983.39,4983.39,true,false,true,150.00
125482200,125852500,370300,20100,20100,2.01,4983.39,4983.39,true,false,false,150.00
125852500,126033000,180500,20100,20100,2.01,4983.39,7849.00,false,true,false,150.00
126033000,126529800,496800,20100,60200,2.01,4983.39,4983.39,true,false,false,150.00
126529800,126900100,370300,20100,20100,2.01,4983.39,4983.39,true,false,false,150.00
126900100,127282300,382200,20100,20100,2.01,4983.39,4983.39,true,false,false,150.00
127282300,127652600,370300,20100,20100,2.01,4983.39,4983.39,true,false,false,150.00
127652600,128034800,382200,20100,20100,2.01,4983.39,4983.39,true,false,false,150.00
128034800,128405100,370300,20100,20100,2.01,4983.39,4983.39,true,false,false,150.00
128405100,128787300,382200,20100,20100,2.01,4983.39,4983.39,true,false,false,150.00
128787300,129293600,506300,20100,60500,2.01,4983.39,4983.39,true,false,true,150.00
129293600,129663900,370300,20100,20100,2.01,4983.39,4983.39,true,false,false,150.00
129663900,129844400,180500,20100,20100,2.01,4983.39,7849.00,false,true,false,150.00
129844400,130341200,496800,20100,60200,2.01,4983.39,4983.39,true,false,false,150.00
130341200,130711500,370300,20100,20100,2.01,4983.39,4983.39,true,false,false,150.00
130711500,131093700,382200,20100,20100,2.01,4983.39,4983.39,true,false,false,150.00
131093700,131464000,370300,20100,20100,2.01,4983.39,4983.39,true,false,false,150.00
131464000,131846200,382200,20100,20100,2.01,4983.39,4983.39,true,false,false,150.00
131846200,132216500,370300,20100,20100,2.01,4983.39,4983.39,true,false,false,150.00
132216500,132598700,382200,20100,20100,2.01,4983.39,4983.39,true,false,false,150.00
132598700,133105000,506300,20100,60500,2.01,4983.39,4983.39,true,false,true,150.00
133105000,133475300,370300,20100,20100,2.01,4983.39,4983.39,true,false,false,150.00
133475300,133655800,180500,20100,20100,2.01,4983.39,7849.00,false,true,false,150.00
133655800,134152600,496800,20100,60200,2.01,4983.39,4983.39,true,false,false,150.00
134152600,134522900,370300,20100,20100,2.01,4983.39,4983.39,true,false,false,150.00
134522900,134905100,382200,20100,20100,2.01,4983.39,4983.39,true,false,false,150.00
134905100,135275400,370300,20100,20100,2.01,4983.39,4983.39,true,false,false,150.00
135275400,135657600,382200,20100,20100,2.01,4983.39,4983.39,true,false,false,150.00
135657600,136027900,370300,20100,20100,2.01,4983.39,4983.39,true,false,false,150.00
136027900,136410100,382200,20100,20100,2.01,4983.39,4983.39,true,false,false,150.00
136410100,136916400,506300,20100,60500,2.01,4983.39,4983.39,true,false,true,150.00
136916400,137286700,370300,20100,20100,2.01,4983.39,4983.39,true,false,false,150.00
137286700,137467200,180500,20100,20100,2.01,4983.39,7849.00,false,true,false,150.00
137467200,137964000,496800,20100,60200,2.01,4983.39,4983.39,true,false,false,150.00
137964000,138334300,370300,20100,20100,2.01,4983.39,4983.39,true,false,false,150.00
138334300,138716500,382200,20100,20100,2.01,4983.39,4983.39,true,false,false,150.00
138716500,139086800,370300,20100,20100,2.01,4983.39,4983.39,true,false,false,150.00
139086800,139469000,382200,20100,20100,2.01,4983.39,4983.39,true,false,false,150.00
139469000,139839300,370300,20100,20100,2.01,4983.39,4983.39,true,false,false,150.00
139839300,140221500,382200,20100,20100,2.01,4983.39,4983.39,true,false,false,150.00
140221500,140727800,506300,20100,60500,2.01,4983.39,4983.39,true,false,true,150.00
140727800,141098100,370300,20100,20100,2.01,4983.39,4983.39,true,false,false,150.00
141098100,141278600,180500,20100,20100,2.01,4983.39,7849.00,false,true,false,150.00
141278600,141775400,496800,20100,60200,2.01,4983.39,4983.39,true,false,false,150.00
141775400,142145700,370300,20100,20100,2.01,4983.39,4983.39,true,false,false,150.00
142145700,142527900,382200,20100,20100,2.01,4983.39,4983.39,true,false,false,150.00
142527900,142898200,370300,20100,20100,2.01,4983.39,4983.39,true,false,false,150.00
142898200,143280400,382200,20100,20100,2.01,4983.39,4983.39,true,false,false,150.00
143280400,143650700,370300,20100,20100,2.01,4983.39,4983.39,true,false,false,150.00
143650700,144032900,382200,20100,20100,2.01,4983.39,4983.39,true,false,false,150.00
144032900,144539200,506300,20100,60500,2.01,4983.39,4983.39,true,false,true,150.00
144539200,144909500,370300,20100,20100,2.01,4983.39,4983.39,true,false,false,150.00
144909500,145090000,180500,20100,20100,2.01,4983.39,7849.00,false,true,false,150.00
145090000,145586800,496800,20100,60200,2.01,4983.39,4983.39,true,false,false,150.00
145586800,145957100,370300,20100,20100,2.01,4983.39,4983.39,true,false,false,150.00
145957100,146339300,382200,20100,20100,2.01,4983.39,4983.39,true,false,false,150.00
146339300,146709600,370300,20100,20100,2.01,4983.39,4983.39,true,false,false,150.00
146709600,147091800,382200,20100,20100,2.01,4983.39,4983.39,true,false,false,150.00
147091800,147462100,370300,20100,20100,2.01,4983.39,4983.39,true,false,false,150.00
147462100,147844300,382200,20100,20100,2.01,4983.39,4983.39,true,false,false,150.00
147844300,148350600,506300,20100,60500,2.01,4983.39,4983.39,true,false,true,150.00
148350600,148720900,370300,20100,20100,2.01,4983.39,4983.39,true,false,false,150.00
148720900,148901400,180500,20100,20100,2.01,4983.39,7849.00,false,true,false,150.00
148901400,149398200,496800,20100,60200,2.01,4983.39,4983.39,true,false,false,150.00
149398200,149768500,370300,20100,20100,2.01,4983.39,4983.39,true,false,false,150.00
149768500,150150700,382200,20100,20100,2.01,4983.39,4983.39,true,false,false,150.00
150150700,150521000,370300,20100,20100,2.01,4983.39,4983.39,true,false,false,150.00
150521000,150903200,382200,20100,20100,2.01,4983.39,4983.39,true,false,false,150.00
150903200,151273500,370300,20100,20100,2.01,4983.39,4983.39,true,false,false,150.00
151273500,151655700,382200,20100,20100,2.01,4983.39,4983.39,true,false,false,150.00
151655700,152162000,506300,20100,60500,2.01,4983.39,4983.39,true,false,true,150.00
152162000,152532300,370300,20100,20100,2.01,4983.39,4983.39,true,false,false,150.00
152532300,152712800,180500,20100,20100,2.01,4983.39,7849.00,false,true,false,150.00
152712800,153209600,496800,20100,60200,2.01,4983.39,4983.39,true,false,false,150.00
153209600,153579900,370300,20100,20100,2.01,4983.39,4983.39,true,false,false,150.00
153579900,153962100,382200,20100,20100,2.01,4983.39,4983.39,true,false,false,150.00
153962100,154332400,370300,20100,20100,2.01,4983.39,4983.39,true,false,false,150.00
154332400,154714600,382200,20100,20100,2.01,4983.39,4983.39,true,false,false,150.00
154714600,155084900,370300,20100,20100,2.01,4983.39,4983.39,true,false,false,150.00
155084900,155467100,382200,20100,20100,2.01,4983.39,4983.39,true,false,false,150.00
155467100,155973400,506300,20100,60500,2.01,4983.39,4983.39,true,false,true,150.00
155973400,156343700,370300,20100,20100,2.01,4983.39,4983.39,true,false,false,150.00
156343700,156524200,180500,20100,20100,2.01,4983.39,7849.00,false,true,false,150.00
156524200,157021000,496800,20100,60200,2.01,4983.39,4983.39,true,false,false,150.00
157021000,157391300,370300,20100,20100,2.01,4983.39,4983.39,true,false,false,150.00
157391300,157773500,382200,20100,20100,2.01,4983.39,4983.39,true,false,false,150.00
157773500,158143800,370300,20100,20100,2.01,4983.39,4983.39,true,false,false,150.00
158143800,158526000,382200,20100,20100,2.01,4983.39,4983.39,true,false,false,150.00
158526000,158896300,370300,20100,20100,2.01,4983.39,4983.39,true,false,false,150.00
158896300,159278500,382200,20100,20100,2.01,4983.39,4983.39,true,false,false,150.00
159278500,159784800,506300,20100,60500,2.01,4983.39,4983.39,true,false,true,150.00
159784800,160155100,370300,20100,20100,2.01,4983.39,4983.39,true,false,false,150.00
160155100,160335600,180500,20100,20100,2.01,4983.39,7849.00,false,true,false,150.00
160335600,160832400,496800,20100,60200,2.01,4983.39,4983.39,true,false,false,150.00
160832400,161202700,370300,20100,20100,2.01,4983.39,4983.39,true,false,false,150.00
161202700,161584900,382200,20100,20100,2.01,4983.39,4983.39,true,false,false,150.00
161584900,161955200,370300,20100,20100,2.01,4983.39,4983.39,true,false,false,150.00
161955200,162337400,382200,20100,20100,2.01,4983.39,4983.39,true,false,false,150.00
162337400,162707700,370300,20100,20100,2.01,4983.39,4983.39,true,false,false,150.00
162707700,163089900,382200,20100,20100,2.01,4983.39,4983.39,true,false,false,150.00
163089900,163596200,506300,20100,60500,2.01,4983.39,4983.39,true,false,true,150.00
163596200,163966500,370300,20100,20100,2.01,4983.39,4983.39,true,false,false,150.00
163966500,164147000,180500,20100,20100,2.01,4983.39,7849.00,false,true,false,150.00
164147000,164643800,496800,20100,60200,2.01,4983.39,4983.39,true,false,false,150.00
164643800,165014100,370300,20100,20100,2.01,4983.39,4983.39,true,false,false,150.00
165014100,165396300,382200,20100,20100,2.01,4983.39,4983.39,true,false,false,150.00
165396300,165766600,370300,20100,20100,2.01,4983.39,4983.39,true,false,false,150.00
165766600,166148800,382200,20100,20100,2.01,4983.39,4983.39,true,false,false,150.00
166148800,166519100,370300,20100,20100,2.01,4983.39,4983.39,true,false,false,150.00
166519100,166901300,382200,20100,20100,2.01,4983.39,4983.39,true,false,false,150.00
166901300,167407600,506300,20100,60500,2.01,4983.39,4983.39,true,false,true,150.00
167407600,167777900,370300,20100,20100,2.01,4983.39,4983.39,true,false,false,150.00
167777900,167958400,180500,20100,20100,2.01,4983.39,7849.00,false,true,false,150.00
167958400,168455200,496800,20100,60200,2.01,4983.39,4983.39,true,false,false,150.00
168455200,168825500,370300,20100,20100,2.01,4983.39,4983.39,true,false,false,150.00
168825500,169207700,382200,20100,20100,2.01,4983.39,4983.39,true,false,false,150.00
169207700,169578000,370300,20100,20100,2.01,4983.39,4983.39,true,false,false,150.00
169578000,169960200,382200,20100,20100,2.01,4983.39,4983.39,true,false,false,150.00
169960200,170330500,370300,20100,20100,2.01,4983.39,4983.39,true,false,false,150.00
170330500,170712700,382200,20100,20100,2.01,4983.39,4983.39,true,false,false,150.00
170712700,171219000,506300,20100,60500,2.01,4983.39,4983.39,true,false,true,150.00
171219000,171589300,370300,20100,20100,2.01,4983.39,4983.39,true,false,false,150.00
171589300,171769800,180500,20100,20100,2.01,4983.39,7849.00,false,true,false,150.00
171769800,172266600,496800,20100,60200,2.01,4983.39,4983.39,true,false,false,150.00
172266600,172636900,370300,20100,20100,2.01,4983.39,4983.39,true,false,false,150.00
172636900,173019100,382200,20100,20100,2.01,4983.39,4983.39,true,false,false,150.00
173019100,173389400,370300,20100,20100,2.01,4983.39,4983.39,true,false,false,150.00
173389400,173771600,382200,20100,20100,2.01,4983.39,4983.39,true,false,false,150.00
173771600,174141900,370300,20100,20100,2.01,4983.39,4983.39,true,false,false,150.00
174141900,174524100,382200,20100,20100,2.01,4983.39,4983.39,true,false,false,150.00
174524100,175030400,506300,20100,60500,2.01,4983.39,4983.39,true,false,true,150.00
175030400,175400700,370300,20100,20100,2.01,4983.39,4983.39,true,false,false,150.00
175400700,175581200,180500,20100,20100,2.01,4983.39,7849.00,false,true,false,150.00
175581200,176078000,496800,20100,60200,2.01,4983.39,4983.39,true,false,false,150.00
176078000,176448300,370300,20100,20100,2.01,4983.39,4983.39,true,false,false,150.00
176448300,176830500,382200,20100,20100,2.01,4983.39,4983.39,true,false,false,150.00
176830500,177200800,370300,20100,20100,2.01,4983.39,4983.39,true,false,false,150.00
177200800,177583000,382200,20100,20100,2.01,4983.39,4983.39,true,false,false,150.00
177583000,177953300,370300,20100,20100,2.01,4983.39,4983.39,true,false,false,150.00
177953300,178335500,382200,20100,20100,2.01,4983.39,4983.39,true,false,false,150.00
178335500,178841800,506300,20100,60500,2.01,4983.39,4983.39,true,false,true,150.00
178841800,179212100,370300,20100,20100,2.01,4983.39,4983.39,true,false,false,150.00
179212100,179392600,180500,20100,20100,2.01,4983.39,7849.00,false,true,false,150.00
179392600,179889400,496800,20100,60200,2.01,4983.39,4983.39,true,false,false,150.00
179889400,180259700,370300,20100,20100,2.01,4983.39,4983.39,true,false,false,150.00
180259700,180641900,382200,20100,20100,2.01,4983.39,4983.39,true,false,false,150.00
180641900,181012200,370300,20100,20100,2.01,4983.39,4983.39,true,false,false,150.00
181012200,181394400,382200,20100,20100,2.01,4983.39,4983.39,true,false,false,150.00
181394400,181764700,370300,20100,20100,2.01,4983.39,4983.39,true,false,false,150.00
181764700,182146900,382200,20100,20100,2.01,4983.39,4983.39,true,false,false,150.00
182146900,182653200,506300,20100,60500,2.01,4983.39,4983.39,true,false,true,150.00
182653200,183023500,370300,20100,20100,2.01,4983.39,4983.39,true,false,false,150.00
183023500,183204000,180500,20100,20100,2.01,4983.39,7849.00,false,true,false,150.00
183204000,183700800,496800,20100,60200,2.01,4983.39,4983.39,true,false,false,150.00
183700800,184071100,370300,20100,20100,2.01,4983.39,4983.39,true,false,false,150.00
184071100,184453300,382200,20100,20100,2.01,4983.39,4983.39,true,false,false,150.00
184453300,184823600,370300,20100,20100,2.01,4983.39,4983.39,true,false,false,150.00
184823600,185205800,382200,20100,20100,2.01,4983.39,4983.39,true,false,false,150.00
185205800,185576100,370300,20100,20100,2.01,4983.39,4983.39,true,false,false,150.00
185576100,185958300,382200,20100,20100,2.01,4983.39,4983.39,true,false,false,150.00
185958300,186464600,506300,20100,60500,2.01,4983.39,4983.39,true,false,true,150.00
186464600,186834900,370300,20100,20100,2.01,4983.39,4983.39,true,false,false,150.00
186834900,187015400,180500,20100,20100,2.01,4983.39,7849.00,false,true,false,150.00
187015400,187512200,496800,20100,60200,2.01,4983.39,4983.39,true,false,false,150.00
187512200,187882500,370300,20100,20100,2.01,4983.39,4983.39,true,false,false,150.00
187882500,188264700,382200,20100,20100,2.01,4983.39,4983.39,true,false,false,150.00
188264700,188635000,370300,20100,20100,2.01,4983.39,4983.39,true,false,false,150.00
188635000,189017200,382200,20100,20100,2.01,4983.39,4983.39,true,false,false,150.00
189017200,189387500,370300,20100,20100,2.01,4983.39,4983.39,true,false,false,150.00
189387500,189769700,382200,20100,20100,2.01,4983.39,4983.39,true,false,false,150.00
189769700,190276000,506300,20100,60500,2.01,4983.39,4983.39,true,false,true,150.00
190276000,190646300,370300,20100,20100,2.01,4983.39,4983.39,true,false,false,150.00
190646300,190826800,180500,20100,20100,2.01,4983.39,7849.00,false,true,false,150.00
190826800,191323600,496800,20100,60200,2.01,4983.39,4983.39,true,false,false,150.00
191323600,191693900,370300,20100,20100,2.01,4983.39,4983.39,true,false,false,150.00
191693900,192076100,382200,20100,20100,2.01,4983.39,4983.39,true,false,false,150.00
192076100,192446400,370300,20100,20100,2.01,4983.39,4983.39,true,false,false,150.00
192446400,192828600,382200,20100,20100,2.01,4983.39,4983.39,true,false,false,150.00
192828600,193198900,370300,20100,20100,2.01,4983.39,4983.39,true,false,false,150.00
193198900,193581100,382200,20100,20100,2.01,4983.39,4983.39,true,false,false,150.00
193581100,194087400,506300,20100,60500,2.01,4983.39,4983.39,true,false,true,150.00
194087400,194457700,370300,20100,20100,2.01,4983.39,4983.39,true,false,false,150.00
194457700,194638200,180500,20100,20100,2.01,4983.39,7849.00,false,true,false,150.00
194638200,195135000,496800,20100,60200,2.01,4983.39,4983.39,true,false,false,150.00
195135000,195505300,370300,20100,20100,2.01,4983.39,4983.39,true,false,false,150.00
195505300,195887500,382200,20100,20100,2.01,4983.39,4983.39,true,false,false,150.00
195887500,196257800,370300,20100,20100,2.01,4983.39,4983.39,true,false,false,150.00
196257800,196640000,382200,20100,20100,2.01,4983.39,4983.39,true,false,false,150.00
196640000,197010300,370300,20100,20100,2.01,4983.39,4983.39,true,false,false,150.00
197010300,197392500,382200,20100,20100,2.01,4983.39,4983.39,true,false,false,150.00
197392500,197898800,506300,20100,60500,2.01,4983.39,4983.39,true,false,true,150.00
197898800,198269100,370300,20100,20100,2.01,4983.39,4983.39,true,false,false,150.00
198269100,198449600,180500,20100,20100,2.01,4983.39,7849.00,false,true,false,150.00
198449600,198946400,496800,20100,60200,2.01,4983.39,4983.39,true,false,false,150.00
198946400,199316700,370300,20100,20100,2.01,4983.39,4983.39,true,false,false,150.00
199316700,199698900,382200,20100,20100,2.01,4983.39,4983.39,true,false,false,150.00
199698900,200069200,370300,20100,20100,2.01,4983.39,4983.39,true,false,false,150.00
200069200,200451400,382200,20100,20100,2.01,4983.39,4983.39,true,false,false,150.00
200451400,200821700,370300,20100,20100,2.01,4983.39,4983.39,true,false,false,150.00
200821700,201203900,382200,20100,20100,2.01,4983.39,4983.39,true,false,false,150.00
201203900,201710200,506300,20100,60500,2.01,4983.39,4983.39,true,false,true,150.00
201710200,202080500,370300,20100,20100,2.01,4983.39,4983.39,true,false,false,150.00
202080500,202261000,180500,20100,20100,2.01,4983.39,7849.00,false,true,false,150.00
202261000,202757800,496800,20100,60200,2.01,4983.39,4983.39,true,false,false,150.00
202757800,203128100,370300,20100,20100,2.01,4983.39,4983.39,true,false,false,150.00
203128100,203510300,382200,20100,20100,2.01,4983.39,4983.39,true,false,false,150.00
203510300,203880600,370300,20100,20100,2.01,4983.39,4983.39,true,false,false,150.00
203880600,204262800,382200,20100,20100,2.01,4983.39,4983.39,true,false,false,150.00
204262800,204633100,370300,20100,20100,2.01,4983.39,4983.39,true,false,false,150.00
204633100,205015300,382200,20100,20100,2.01,4983.39,4983.39,true,false,false,150.00
205015300,205521600,506300,20100,60500,2.01,4983.39,4983.39,true,false,true,150.00
205521600,205891900,370300,20100,20100,2.01,4983.39,4983.39,true,false,false,150.00
205891900,206072400,180500,20100,20100,2.01,4983.39,7849.00,false,true,false,150.00
206072400,206569200,496800,20100,60200,2.01,4983.39,4983.39,true,false,false,150.00
206569200,206939500,370300,20100,20100,2.01,4983.39,4983.39,true,false,false,150.00
206939500,207321700,382200,20100,20100,2.01,4983.39,4983.39,true,false,false,150.00
207321700,207692000,370300,20100,20100,2.01,4983.39,4983.39,true,false,false,150.00
207692000,208074200,382200,20100,20100,2.01,4983.39,4983.39,true,false,false,150.00
208074200,208444500,370300,20100,20100,2.01,4983.39,4983.39,true,false,false,150.00
208444500,208826700,382200,20100,20100,2.01,4983.39,4983.39,true,false,false,150.00
208826700,209333000,506300,20100,60500,2.01,4983.39,4983.39,true,false,true,150.00
209333000,209703300,370300,20100,20100,2.01,4983.39,4983.39,true,false,false,150.00
209703300,209883800,180500,20100,20100,2.01,4983.39,7849.00,false,true,false,150.00
209883800,210380600,496800,20100,60200,2.01,4983.39,4983.39,true,false,false,150.00
210380600,210750900,370300,20100,20100,2.01,4983.39,4983.39,true,false,false,150.00
210750900,211133100,382200,20100,20100,2.01,4983.39,4983.39,true,false,false,150.00
211133100,211503400,370300,20100,20100,2.01,4983.39,4983.39,true,false,false,150.00
211503400,211885600,382200,20100,20100,2.01,4983.39,4983.39,true,false,false,150.00
211885600,212255900,370300,20100,20100,2.01,4983.39,4983.39,true,false,false,150.00
212255900,212638100,382200,20100,20100,2.01,4983.39,4983.39,true,false,false,150.00
212638100,213144400,506300,20100,60500,2.01,4983.39,4983.39,true,false,true,150.00
213144400,213514700,370300,20100,20100,2.01,4983.39,4983.39,true,false,false,150.00
213514700,213695200,180500,20100,20100,2.01,4983.39,7849.00,false,true,false,150.00
213695200,214192000,496800,20100,60200,2.01,4983.39,4983.39,true,false,false,150.00
214192000,214562300,370300,20100,20100,2.01,4983.39,4983.39,true,false,false,150.00
214562300,214944500,382200,20100,20100,2.01,4983.39,4983.39,true,false,false,150.00
214944500,215314800,370300,20100,20100,2.01,4983.39,4983.39,true,false,false,150.00
215314800,215697000,382200,20100,20100,2.01,4983.39,4983.39,true,false,false,150.00
215697000,216067300,370300,20100,20100,2.01,4983.39,4983.39,true,false,false,150.00
216067300,216449500,382200,20100,20100,2.01,4983.39,4983.39,true,false,false,150.00
216449500,216955800,506300,20100,60500,2.01,4983.39,4983.39,true,false,true,150.00
216955800,217326100,370300,20100,20100,2.01,4983.39,4983.39,true,false,false,150.00
217326100,217506600,180500,20100,20100,2.01,4983.39,7849.00,false,true,false,150.00
217506600,218003400,496800,20100,60200,2.01,4983.39,4983.39,true,false,false,150.00
218003400,218373700,370300,20100,20100,2.01,4983.39,4983.39,true,false,false,150.00
218373700,218755900,382200,20100,20100,2.01,4983.39,4983.39,true,false,false,150.00
218755900,219126200,370300,20100,20100,2.01,4983.39,4983.39,true,false,false,150.00
219126200,219508400,382200,20100,20100,2.01,4983.39,4983.39,true,false,false,150.00
219508400,219878700,370300,20100,20100,2.01,4983.39,4983.39,true,false,false,150.00
219878700,220260900,382200,20100,20100,2.01,4983.39,4983.39,true,false,false,150.00
220260900,220767200,506300,20100,60500,2.01,4983.39,4983.39,true,false,true,150.00
220767200,221137500,370300,20100,20100,2.01,4983.39,4983.39,true,false,false,150.00
221137500,221318000,180500,20100,20100,2.01,4983.39,7849.00,false,true,false,150.00
221318000,221814800,496800,20100,60200,2.01,4983.39,4983.39,true,false,false,150.00
221814800,222185100,370300,20100,20100,2.01,4983.39,4983.39,true,false,false,150.00
222185100,222567300,382200,20100,20100,2.01,4983.39,4983.39,true,false,false,150.00
222567300,222937600,370300,20100,20100,2.01,4983.39,4983.39,true,false,false,150.00
222937600,223319800,382200,20100,20100,2.01,4983.39,4983.39,true,false,false,150.00
223319800,223690100,370300,20100,20100,2.01,4983.39,4983.39,true,false,false,150.00
223690100,224072300,382200,20100,20100,2.01,4983.39,4983.39,true,false,false,150.00
224072300,224578600,506300,20100,60500,2.01,4983.39,4983.39,true,false,true,150.00
224578600,224948900,370300,20100,20100,2.01,4983.39,4983.39,true,false,false,150.00
224948900,225129400,180500,20100,20100,2.01,4983.39,7849.00,false,true,false,150.00
225129400,225626200,496800,20100,60200,2.01,4983.39,4983.39,true,false,false,150.00
225626200,225996500,370300,20100,20100,2.01,4983.39,4983.39,true,false,false,150.00
225996500,226378700,382200,20100,20100,2.01,4983.39,4983.39,true,false,false,150.00
226378700,226749000,370300,20100,20100,2.01,4983.39,4983.39,true,false,false,150.00
226749000,227131200,382200,20100,20100,2.01,4983.39,4983.39,true,false,false,150.00
227131200,227501500,370300,20100,20100,2.01,4983.39,4983.39,true,false,false,150.00
227501500,227883700,382200,20100,20100,2.01,4983.39,4983.39,true,false,false,150.00
227883700,228390000,506300,20100,60500,2.01,4983.39,4983.39,true,false,true,150.00
228390000,228760300,370300,20100,20100,2.01,4983.39,4983.39,true,false,false,150.00
228760300,228940800,180500,20100,20100,2.01,4983.39,7849.00,false,true,false,150.00
228940800,229437600,496800,20100,60200,2.01,4983.39,4983.39,true,false,false,150.00
229437600,229807900,370300,20100,20100,2.01,4983.39,4983.39,true,false,false,150.00
229807900,230190100,382200,20100,20100,2.01,4983.39,4983.39,true,false,false,150.00
230190100,230560400,370300,20100,20100,2.01,4983.39,4983.39,true,false,false,150.00
230560400,230942600,382200,20100,20100,2.01,4983.39,4983.39,true,false,false,150.00
230942600,231312900,370300,20100,20100,2.01,4983.39,4983.39,true,false,false,150.00
231312900,231695100,382200,20100,20100,2.01,4983.39,4983.39,true,false,false,150.00
231695100,232201400,506300,20100,60500,2.01,4983.39,4983.39,true,false,true,150.00
232201400,232571700,370300,20100,20100,2.01,4983.39,4983.39,true,false,false,150.00
232571700,232752200,180500,20100,20100,2.01,4983.39,7849.00,false,true,false,150.00
232752200,233249000,496800,20100,60200,2.01,4983.39,4983.39,true,false,false,150.00
233249000,233619300,370300,20100,20100,2.01,4983.39,4983.39,true,false,false,150.00
233619300,234001500,382200,20100,20100,2.01,4983.39,4983.39,true,false,false,150.00
234001500,234371800,370300,20100,20100,2.01,4983.39,4983.39,true,false,false,150.00
234371800,234754000,382200,20100,20100,2.01,4983.39,4983.39,true,false,false,150.00
234754000,235124300,370300,20100,20100,2.01,4983.39,4983.39,true,false,false,150.00
235124300,235506500,382200,20100,20100,2.01,4983.39,4983.39,true,false,false,150.00
235506500,236012800,506300,20100,60500,2.01,4983.39,4983.39,true,false,true,150.00
236012800,236383100,370300,20100,20100,2.01,4983.39,4983.39,true,false,false,150.00
236383100,236563600,180500,20100,20100,2.01,4983.39,7849.00,false,true,false,150.00
236563600,237060400,496800,20100,60200,2.01,4983.39,4983.39,true,false,false,150.00
237060400,237430700,370300,20100,20100,2.01,4983.39,4983.39,true,false,false,150.00
237430700,237812900,382200,20100,20100,2.01,4983.39,4983.39,true,false,false,150.00
237812900,238183200,370300,20100,20100,2.01,4983.39,4983.39,true,false,false,150.00
238183200,238565400,382200,20100,20100,2.01,4983.39,4983.39,true,false,false,150.00
238565400,238935700,370300,20100,20100,2.01,4983.39,4983.39,true,false,false,150.00
238935700,239317900,382200,20100,20100,2.01,4983.39,4983.39,true,false,false,150.00
239317900,239824200,506300,20100,60500,2.01,4983.39,4983.39,true,false,true,150.00
239824200,240194500,370300,20100,20100,2.01,4983.39,4983.39,true,false,false,150.00
240194500,240375000,180500,20100,20100,2.01,4983.39,7849.00,false,true,false,150.00
240375000,240871800,496800,20100,60200,2.01,4983.39,4983.39,true,false,false,150.00
240871800,241242100,370300,20100,20100,2.01,4983.39,4983.39,true,false,false,150.00
241242100,241624300,382200,20100,20100,2.01,4983.39,4983.39,true,false,false,150.00
241624300,241994600,370300,20100,20100,2.01,4983.39,4983.39,true,false,false,150.00
241994600,242376800,382200,20100,20100,2.01,4983.39,4983.39,true,false,false,150.00
242376800,242747100,370300,20100,20100,2.01,4983.39,4983.39,true,false,false,150.00
242747100,243129300,382200,20100,20100,2.01,4983.39,4983.39,true,false,false,150.00
243129300,243635600,506300,20100,60500,2.01,4983.39,4983.39,true,false,true,150.00
243635600,244005900,370300,20100,20100,2.01,4983.39,4983.39,true,false,false,150.00
244005900,244186400,180500,20100,20100,2.01,4983.39,7849.00,false,true,false,150.00
244186400,244683200,496800,20100,60200,2.01,4983.39,4983.39,true,false,false,150.00
244683200,245053500,370300,20100,20100,2.01,4983.39,4983.39,true,false,false,150.00
245053500,245435700,382200,20100,20100,2.01,4983.39,4983.39,true,false,false,150.00
245435700,245806000,370300,20100,20100,2.01,4983.39,4983.39,true,false,false,150.00
245806000,246188200,382200,20100,20100,2.01,4983.39,4983.39,true,false,false,150.00
246188200,246558500,370300,20100,20100,2.01,4983.39,4983.39,true,false,false,150.00
246558500,246940700,382200,20100,20100,2.01,4983.39,4983.39,true,false,false,150.00
246940700,247447000,506300,20100,60500,2.01,4983.39,4983.39,true,false,true,150.00
247447000,247817300,370300,20100,20100,2.01,4983.39,4983.39,true,false,false,150.00
247817300,247997800,180500,20100,20100,2.01,4983.39,7849.00,false,true,false,150.00
247997800,248494600,496800,20100,60200,2.01,4983.39,4983.39,true,false,false,150.00
248494600,248864900,370300,20100,20100,2.01,4983.39,4983.39,true,false,false,150.00
248864900,249247100,382200,20100,20100,2.01,4983.39,4983.39,true,false,false,150.00
249247100,249617400,370300,20100,20100,2.01,4983.39,4983.39,true,false,false,150.00
249617400,249999600,382200,20100,20100,2.01,4983.39,4983.39,true,false,false,150.00
249999600,250369900,370300,20100,20100,2.01,4983.39,4983.39,true,false,false,150.00
250369900,250752100,382200,20100,20100,2.01,4983.39,4983.39,true,false,false,150.00
250752100,251258400,506300,20100,60500,2.01,4983.39,4983.39,true,false,true,150.00
251258400,251628700,370300,20100,20100,2.01,4983.39,4983.39,true,false,false,150.00
251628700,251809200,180500,20100,20100,2.01,4983.39,7849.00,false,true,false,150.00
251809200,252306000,496800,20100,60200,2.01,4983.39,4983.39,true,false,false,150.00
252306000,252676300,370300,20100,20100,2.01,4983.39,4983.39,true,false,false,150.00
252676300,253058500,382200,20100,20100,2.01,4983.39,4983.39,true,false,false,150.00
253058500,253428800,370300,20100,20100,2.01,4983.39,4983.39,true,false,false,150.00
253428800,253811000,382200,20100,20100,2.01,4983.39,4983.39,true,false,false,150.00
253811000,254181300,370300,20100,20100,2.01,4983.39,4983.39,true,false,false,150.00
254181300,254563500,382200,20100,20100,2.01,4983.39,4983.39,true,false,false,150.00
254563500,255069800,506300,20100,60500,2.01,4983.39,4983.39,true,false,true,150.00
255069800,255440100,370300,20100,20100,2.01,4983.39,4983.39,true,false,false,150.00
255440100,255620600,180500,20100,20100,2.01,4983.39,7849.00,false,true,false,150.00
255620600,256117400,496800,20100,60200,2.01,4983.39,4983.39,true,false,false,150.00
256117400,256487700,370300,20100,20100,2.01,4983.39,4983.39,true,false,false,150.00
256487700,256869900,382200,20100,20100,2.01,4983.39,4983.39,true,false,false,150.00
256869900,257240200,370300,20100,20100,2.01,4983.39,4983.39,true,false,false,150.00
257240200,257622400,382200,20100,20100,2.01,4983.39,4983.39,true,false,false,150.00
257622400,257992700,370300,20100,20100,2.01,4983.39,4983.39,true,false,false,150.00
257992700,258374900,382200,20100,20100,2.01,4983.39,4983.39,true,false,false,150.00
258374900,258881200,506300,20100,60500,2.01,4983.39,4983.39,true,false,true,150.00
258881200,259251500,370300,20100,20100,2.01,4983.39,4983.39,true,false,false,150.00
259251500,259432000,180500,20100,20100,2.01,4983.39,7849.00,false,true,false,150.00
259432000,259928800,496800,20100,60200,2.01,4983.39,4983.39,true,false,false,150.00
259928800,260299100,370300,20100,20100,2.01,4983.39,4983.39,true,false,false,150.00
260299100,260681300,382200,20100,20100,2.01,4983.39,4983.39,true,false,false,150.00
260681300,261051600,370300,20100,20100,2.01,4983.39,4983.39,true,false,false,150.00
261051600,261433800,382200,20100,20100,2.01,4983.39,4983.39,true,false,false,150.00
261433800,261804100,370300,20100,20100,2.01,4983.39,4983.39,true,false,false,150.00
261804100,262186300,382200,20100,20100,2.01,4983.39,4983.39,true,false,false,150.00
262186300,262692600,506300,20100,60500,2.01,4983.39,4983.39,true,false,true,150.00
262692600,263062900,370300,20100,20100,2.01,4983.39,4983.39,true,false,false,150.00
263062900,263243400,180500,20100,20100,2.01,4983.39,7849.00,false,true,false,150.00
263243400,263740200,496800,20100,60200,2.01,4983.39,4983.39,true,false,false,150.00
263740200,264110500,370300,20100,20100,2.01,4983.39,4983.39,true,false,false,150.00
264110500,264492700,382200,20100,20100,2.01,4983.39,4983.39,true,false,false,150.00
264492700,264863000,370300,20100,20100,2.01,4983.39,4983.39,true,false,false,150.00
264863000,265245200,382200,20100,20100,2.01,4983.39,4983.39,true,false,false,150.00
265245200,265615500,370300,20100,20100,2.01,4983.39,4983.39,true,false,false,150.00
265615500,265997700,382200,20100,20100,2.01,4983.39,4983.39,true,false,false,150.00
265997700,266504000,506300,20100,60500,2.01,4983.39,4983.39,true,false,true,150.00
266504000,266874300,370300,20100,20100,2.01,4983.39,4983.39,true,false,false,150.00
266874300,267054800,180500,20100,20100,2.01,4983.39,7849.00,false,true,false,150.00
267054800,267551600,496800,20100,60200,2.01,4983.39,4983.39,true,false,false,150.00
267551600,267921900,370300,20100,20100,2.01,4983.39,4983.39,true,false,false,150.00
267921900,268304100,382200,20100,20100,2.01,4983.39,4983.39,true,false,false,150.00
268304100,268674400,370300,20100,20100,2.01,4983.39,4983.39,true,false,false,150.00
268674400,269056600,382200,20100,20100,2.01,4983.39,4983.39,true,false,false,150.00
269056600,269426900,370300,20100,20100,2.01,4983.39,4983.39,true,false,false,150.00
269426900,269809100,382200,20100,20100,2.01,4983.39,4983.39,true,false,false,150.00
269809100,270315400,506300,20100,60500,2.01,4983.39,4983.39,true,false,true,150.00
270315400,270685700,370300,20100,20100,2.01,4983.39,4983.39,true,false,false,150.00
270685700,270866200,180500,20100,20100,2.01,4983.39,7849.00,false,true,false,150.00
270866200,271363000,496800,20100,60200,2.01,4983.39,4983.39,true,false,false,150.00
271363000,271733300,370300,20100,20100,2.01,4983.39,4983.39,true,false,false,150.00
271733300,272115500,382200,20100,20100,2.01,4983.39,4983.39,true,false,false,150.00
272115500,272485800,370300,20100,20100,2.01,4983.39,4983.39,true,false,false,150.00
272485800,272868000,382200,20100,20100,2.01,4983.39,4983.39,true,false,false,150.00
272868000,273238300,370300,20100,20100,2.01,4983.39,4983.39,true,false,false,150.00
273238300,273620500,382200,20100,20100,2.01,4983.39,4983.39,true,false,false,150.00
273620500,274126800,506300,20100,60500,2.01,4983.39,4983.39,true,false,true,150.00
274126800,274497100,370300,20100,20100,2.01,4983.39,4983.39,true,false,false,150.00
274497100,274677600,180500,20100,20100,2.01,4983.39,7849.00,false,true,false,150.00
274677600,275174400,496800,20100,60200,2.01,4983.39,4983.39,true,false,false,150.00
275174400,275544700,370300,20100,20100,2.01,4983.39,4983.39,true,false,false,150.00
275544700,275926900,382200,20100,20100,2.01,4983.39,4983.39,true,false,false,150.00
275926900,276297200,370300,20100,20100,2.01,4983.39,4983.39,true,false,false,150.00
276297200,276679400,382200,20100,20100,2.01,4983.39,4983.39,true,false,false,150.00
276679400,277049700,370300,20100,20100,2.01,4983.39,4983.39,true,false,false,150.00
277049700,277431900,382200,20100,20100,2.01,4983.39,4983.39,true,false,false,150.00
277431900,277938200,506300,20100,60500,2.01,4983.39,4983.39,true,false,true,150.00
277938200,278308500,370300,20100,20100,2.01,4983.39,4983.39,true,false,false,150.00
278308500,278489000,180500,20100,20100,2.01,4983.39,7849.00,false,true,false,150.00
278489000,278985800,496800,20100,60200,2.01,4983.39,4983.39,true,false,false,150.00
278985800,279356100,370300,20100,20100,2.01,4983.39,4983.39,true,false,false,150.00
279356100,279738300,382200,20100,20100,2.01,4983.39,4983.39,true,false,false,150.00
279738300,280108600,370300,20100,20100,2.01,4983.39,4983.39,true,false,false,150.00
280108600,280490800,382200,20100,20100,2.01,4983.39,4983.39,true,false,false,150.00
280490800,280861100,370300,20100,20100,2.01,4983.39,4983.39,true,false,false,150.00
280861100,281243300,382200,20100,20100,2.01,4983.39,4983.39,true,false,false,150.00
281243300,281749600,506300,20100,60500,2.01,4983.39,4983.39,true,false,true,150.00
281749600,282119900,370300,20100,20100,2.01,4983.39,4983.39,true,false,false,150.00
282119900,282300400,180500,20100,20100,2.01,4983.39,7849.00,false,true,false,150.00
282300400,282797200,496800,20100,60200,2.01,4983.39,4983.39,true,false,false,150.00
282797200,283167500,370300,20100,20100,2.01,4983.39,4983.39,true,false,false,150.00
283167500,283549700,382200,20100,20100,2.01,4983.39,4983.39,true,false,false,150.00
283549700,283920000,370300,20100,20100,2.01,4983.39,4983.39,true,false,false,150.00
283920000,284302200,382200,20100,20100,2.01,4983.39,4983.39,true,false,false,150.00
284302200,284672500,370300,20100,20100,2.01,4983.39,4983.39,true,false,false,150.00
284672500,285054700,382200,20100,20100,2.01,4983.39,4983.39,true,false,false,150.00
285054700,285561000,506300,20100,60500,2.01,4983.39,4983.39,true,false,true,150.00
285561000,285931300,370300,20100,20100,2.01,4983.39,4983.39,true,false,false,150.00
285931300,286111800,180500,20100,20100,2.01,4983.39,7849.00,false,true,false,150.00
286111800,286608600,496800,20100,60200,2.01,4983.39,4983.39,true,false,false,150.00
286608600,286978900,370300,20100,20100,2.01,4983.39,4983.39,true,false,false,150.00
286978900,287361100,382200,20100,20100,2.01,4983.39,4983.39,true,false,false,150.00
287361100,287731400,370300,20100,20100,2.01,4983.39,4983.39,true,false,false,150.00
287731400,288113600,382200,20100,20100,2.01,4983.39,4983.39,true,false,false,150.00
288113600,288483900,370300,20100,20100,2.01,4983.39,4983.39,true,false,false,150.00
288483900,288866100,382200,20100,20100,2.01,4983.39,4983.39,true,false,false,150.00
288866100,289372400,506300,20100,60500,2.01,4983.39,4983.39,true,false,true,150.00
289372400,289742700,370300,20100,20100,2.01,4983.39,4983.39,true,false,false,150.00
289742700,289923200,180500,20100,20100,2.01,4983.39,7849.00,false,true,false,150.00
289923200,290420000,496800,20100,60200,2.01,4983.39,4983.39,true,false,false,150.00
290420000,290790300,370300,20100,20100,2.01,4983.39,4983.39,true,false,false,150.00
290790300,291172500,382200,20100,20100,2.01,4983.39,4983.39,true,false,false,150.00
291172500,291542800,370300,20100,20100,2.01,4983.39,4983.39,true,false,false,150.00
291542800,291925000,382200,20100,20100,2.01,4983.39,4983.39,true,false,false,150.00
291925000,292295300,370300,20100,20100,2.01,4983.39,4983.39,true,false,false,150.00
292295300,292677500,382200,20100,20100,2.01,4983.39,4983.39,true,false,false,150.00
292677500,293183800,506300,20100,60500,2.01,4983.39,4983.39,true,false,true,150.00
293183800,293554100,370300,20100,20100,2.01,4983.39,4983.39,true,false,false,150.00
293554100,293734600,180500,20100,20100,2.01,4983.39,7849.00,false,true,false,150.00
293734600,294231400,496800,20100,60200,2.01,4983.39,4983.39,true,false,false,150.00
294231400,294601700,370300,20100,20100,2.01,4983.39,4983.39,true,false,false,150.00
294601700,294983900,382200,20100,20100,2.01,4983.39,4983.39,true,false,false,150.00
294983900,295354200,370300,20100,20100,2.01,4983.39,4983.39,true,false,false,150.00
295354200,295736400,382200,20100,20100,2.01,4983.39,4983.39,true,false,false,150.00
295736400,296106700,370300,20100,20100,2.01,4983.39,4983.39,true,false,false,150.00
296106700,296488900,382200,20100,20100,2.01,4983.39,4983.39,true,false,false,150.00
296488900,296995200,506300,20100,60500,2.01,4983.39,4983.39,true,false,true,150.00
296995200,297365500,370300,20100,20100,2.01,4983.39,4983.39,true,false,false,150.00
297365500,297546000,180500,20100,20100,2.01,4983.39,7849.00,false,true,false,150.00
297546000,298042800,496800,20100,60200,2.01,4983.39,4983.39,true,false,false,150.00
298042800,298413100,370300,20100,20100,2.01,4983.39,4983.39,true,false,false,150.00
298413100,298795300,382200,20100,20100,2.01,4983.39,4983.39,true,false,false,150.00
298795300,299165600,370300,20100,20100,2.01,4983.39,4983.39,true,false,false,150.00
299165600,299547800,382200,20100,20100,2.01,4983.39,4983.39,true,false,false,150.00
299547800,299918100,370300,20100,20100,2.01,4983.39,4983.39,true,false,false,150.00
